{
    "GENE3D": {
        "total": 1.2133390353001337,
        "chrI": 1.0565952305251178,
        "chrII": 1.2834371470699053,
        "chrIII": 1.1655902874753679,
        "chrIV": 1.2269750324359565,
        "chrIX": 1.2027138280751277,
        "chrmt": 0.7578609252453212,
        "chrV": 1.189634652235202,
        "chrVI": 1.212257797798938,
        "chrVII": 1.2301396034912824,
        "chrVIII": 1.2708014169483755,
        "chrX": 1.2041465865467926,
        "chrXI": 1.2201148630986292,
        "chrXII": 1.2506193724530001,
        "chrXIII": 1.213746330591173,
        "chrXIV": 1.1995072658914563,
        "chrXV": 1.1532577586261614,
        "chrXVI": 1.2499542799662768
    },
    "HAMAP": {
        "total": 1.0807291206182492,
        "chrI": 1.371243303906844,
        "chrII": 1.1414168598147878,
        "chrIII": 1.6817323227825531,
        "chrIV": 1.025936314296786,
        "chrIX": 1.078630477952353,
        "chrmt": 1.733393683629519,
        "chrV": 1.1221297728674533,
        "chrVI": 1.8504686742048022,
        "chrVII": 1.053444231063972,
        "chrVIII": 1.0327503758371046,
        "chrX": 1.0785691210897226,
        "chrXI": 1.0597781296821818,
        "chrXII": 1.0814415895553093,
        "chrXIII": 1.0304410161073971,
        "chrXIV": 1.0818115128823051,
        "chrXV": 0.9447011616210772,
        "chrXVI": 1.055525175927112
    },
    "PANTHER": {
        "total": 1.6388052301427856,
        "chrI": 1.2444658868392644,
        "chrII": 1.874142163392283,
        "chrIII": 1.455998076550436,
        "chrIV": 1.680788350401129,
        "chrIX": 1.568625644462844,
        "chrmt": 0.6853143257333403,
        "chrV": 1.500653652933937,
        "chrVI": 1.5765793992722827,
        "chrVII": 1.6004945171499247,
        "chrVIII": 1.6142635968536934,
        "chrX": 1.67385594484882,
        "chrXI": 1.6602950601884356,
        "chrXII": 1.831020000505554,
        "chrXIII": 1.678207967564979,
        "chrXIV": 1.6885820993737168,
        "chrXV": 1.5765046097722464,
        "chrXVI": 1.679926114505598
    },
    "Pfam": {
        "total": 1.2377545173815607,
        "chrI": 1.0542620211329699,
        "chrII": 1.2875266458602341,
        "chrIII": 1.166469089971132,
        "chrIV": 1.2402354297435076,
        "chrIX": 1.2294298353819286,
        "chrmt": 0.7222089835799106,
        "chrV": 1.1955561108018362,
        "chrVI": 1.224807886756912,
        "chrVII": 1.2364459226290618,
        "chrVIII": 1.2492425439452177,
        "chrX": 1.263719183904838,
        "chrXI": 1.25073089553981,
        "chrXII": 1.2909205718569239,
        "chrXIII": 1.2457718339761914,
        "chrXIV": 1.2264418696878743,
        "chrXV": 1.2468956953461308,
        "chrXVI": 1.2261108047104454
    },
    "PIRSF": {
        "total": 1.0755941926768176,
        "chrI": 1.0163688826507595,
        "chrII": 1.1210284566224693,
        "chrIII": 1.1370228515407008,
        "chrIV": 1.0595129029510777,
        "chrIX": 1.0875204362014128,
        "chrmt": 2.335167537425631,
        "chrV": 1.0927550225157039,
        "chrVI": 1.0682228721567049,
        "chrVII": 1.082669740060302,
        "chrVIII": 1.068178470446712,
        "chrX": 1.1142258261587419,
        "chrXI": 1.0962252806324082,
        "chrXII": 1.1330918918888115,
        "chrXIII": 1.0417844486156769,
        "chrXIV": 1.1000213405665658,
        "chrXV": 0.9550543516893324,
        "chrXVI": 1.0534476304383127
    },
    "PRINTS": {
        "total": 1.0455838905618497,
        "chrI": 1.650072814821425,
        "chrII": 1.0235615364783437,
        "chrIII": 1.1871501224206242,
        "chrIV": 1.0224882507811803,
        "chrIX": 1.0252666819304777,
        "chrmt": 0.9562340324181169,
        "chrV": 1.0678778688876822,
        "chrVI": 1.0737063951873378,
        "chrVII": 1.0271575877275667,
        "chrVIII": 1.1094275661663084,
        "chrX": 1.0228967828200515,
        "chrXI": 1.0863793007696219,
        "chrXII": 1.0496328095658418,
        "chrXIII": 1.0068630031000392,
        "chrXIV": 1.0141761918687535,
        "chrXV": 1.0170915950551371,
        "chrXVI": 1.0193301815885445
    },
    "PROSITE": {
        "total": 1.064893025454376,
        "chrI": 1.0422026636269073,
        "chrII": 1.083746739088981,
        "chrIII": 1.0592510156605592,
        "chrIV": 1.0661948208143333,
        "chrIX": 1.0663398708119392,
        "chrmt": 0.7374548024784178,
        "chrV": 1.0657277931884954,
        "chrVI": 1.106298495899462,
        "chrVII": 1.056472245709802,
        "chrVIII": 1.0989874545752896,
        "chrX": 1.0269416616942713,
        "chrXI": 1.0682207338722283,
        "chrXII": 1.066979623775471,
        "chrXIII": 1.0486143386747342,
        "chrXIV": 1.0438697640777659,
        "chrXV": 1.0808798998231357,
        "chrXVI": 1.0667785721012255
    },
    "SMART": {
        "total": 1.0596981902319724,
        "chrI": 1.0441375558444455,
        "chrII": 1.0755524185180978,
        "chrIII": 1.0569355296153604,
        "chrIV": 1.0586811628379182,
        "chrIX": 1.091216644093542,
        "chrmt": 1.0961950434505159,
        "chrV": 1.0349809335925986,
        "chrVI": 1.2153511957076073,
        "chrVII": 1.0529747312145938,
        "chrVIII": 1.0689255257503139,
        "chrX": 1.0111190026513364,
        "chrXI": 1.0488667970464758,
        "chrXII": 1.0687137989804854,
        "chrXIII": 1.058030636845149,
        "chrXIV": 1.0695978843227096,
        "chrXV": 1.047751953115429,
        "chrXVI": 1.0677877070475235
    },
    "SUPERFAMILY": {
        "total": 1.176412945721723,
        "chrI": 1.0425090901741714,
        "chrII": 1.2363579181903988,
        "chrIII": 1.13880396403187,
        "chrIV": 1.1865746572799998,
        "chrIX": 1.1787299690545152,
        "chrmt": 0.7518216973947561,
        "chrV": 1.150787856067357,
        "chrVI": 1.208695052859671,
        "chrVII": 1.1692627495733523,
        "chrVIII": 1.24100843748202,
        "chrX": 1.2138222043285853,
        "chrXI": 1.1612261414819298,
        "chrXII": 1.2093623440011498,
        "chrXIII": 1.1886251217881783,
        "chrXIV": 1.1528405445683778,
        "chrXV": 1.1177423204946955,
        "chrXVI": 1.1937052066108267
    },
    "TIGRFAM": {
        "total": 1.0576876021237722,
        "chrI": 1.4241476723618804,
        "chrII": 1.052434093801163,
        "chrIII": 1.3121804831842052,
        "chrIV": 1.046081779963034,
        "chrIX": 1.1002405415392658,
        "chrmt": 1.088589580496828,
        "chrV": 1.078451844043744,
        "chrVI": 1.0496394280171442,
        "chrVII": 1.0575523417403148,
        "chrVIII": 1.0477234559030242,
        "chrX": 1.0450372377583048,
        "chrXI": 1.0807759456752988,
        "chrXII": 1.0816416117827847,
        "chrXIII": 1.0410795237196155,
        "chrXIV": 1.0455209229732894,
        "chrXV": 0.953698402844832,
        "chrXVI": 1.049548358823886
    }
}