{
    "GENE3D": {
        "total": 0.6954058552591262,
        "chrI": 0.7633243273766603,
        "chrII": 0.663507889973241,
        "chrIII": 0.722635967405723,
        "chrIV": 0.7020104665151805,
        "chrIX": 0.7119494053031681,
        "chrmt": 0.8397276722740997,
        "chrV": 0.692820269244237,
        "chrVI": 0.6782622214161186,
        "chrVII": 0.6876904321044237,
        "chrVIII": 0.6706774988758414,
        "chrX": 0.6832240251773045,
        "chrXI": 0.6809479676552452,
        "chrXII": 0.7216950463606625,
        "chrXIII": 0.7066606377328324,
        "chrXIV": 0.6915519301113175,
        "chrXV": 0.6962606674113504,
        "chrXVI": 0.6768695428377349
    },
    "HAMAP": {
        "total": 0.9056198823650861,
        "chrI": 0.72465228609405,
        "chrII": 0.8655027644419959,
        "chrIII": 0.5897795464594783,
        "chrIV": 0.9648228741074185,
        "chrIX": 0.9198886989415488,
        "chrmt": 0.5362967626108954,
        "chrV": 0.8841982824672285,
        "chrVI": 0.5373314431024463,
        "chrVII": 0.931321612554311,
        "chrVIII": 0.9534038457778734,
        "chrX": 0.9170634702467714,
        "chrXI": 0.9292668442268932,
        "chrXII": 0.9170952450293411,
        "chrXIII": 0.9567160772410271,
        "chrXIV": 0.907155506653424,
        "chrXV": 0.9519092524358764,
        "chrXVI": 0.9375750211483167
    },
    "PANTHER": {
        "total": 0.449528156580041,
        "chrI": 0.570220399794977,
        "chrII": 0.4093599972453959,
        "chrIII": 0.4931874170930453,
        "chrIV": 0.4487598347969526,
        "chrIX": 0.4611878478158077,
        "chrmt": 0.845603236223318,
        "chrV": 0.5003830992556434,
        "chrVI": 0.4421474602181662,
        "chrVII": 0.4618475809852054,
        "chrVIII": 0.4613298308163436,
        "chrX": 0.42832795396854983,
        "chrXI": 0.43440319368461466,
        "chrXII": 0.43551754489290717,
        "chrXIII": 0.4345830029499227,
        "chrXIV": 0.4256788889413043,
        "chrXV": 0.44375331602661433,
        "chrXVI": 0.43426617978073256
    },
    "Pfam": {
        "total": 0.6878251030981472,
        "chrI": 0.7366539540783084,
        "chrII": 0.66548407248544,
        "chrIII": 0.7199166192912639,
        "chrIV": 0.6944846804657906,
        "chrIX": 0.6834626086640235,
        "chrmt": 0.8463376817169703,
        "chrV": 0.6995132385928297,
        "chrVI": 0.6918096986611687,
        "chrVII": 0.6833428052871835,
        "chrVIII": 0.6769532367771394,
        "chrX": 0.6766829679075187,
        "chrXI": 0.6617147758902006,
        "chrXII": 0.6963300088946435,
        "chrXIII": 0.6895712065043254,
        "chrXIV": 0.6675735943789182,
        "chrXV": 0.6918319678252638,
        "chrXVI": 0.6925931317018014
    },
    "PIRSF": {
        "total": 0.8879034112150878,
        "chrI": 0.9454343274635346,
        "chrII": 0.8622956182118684,
        "chrIII": 0.8492830522392774,
        "chrIV": 0.9071669583460895,
        "chrIX": 0.8949891790637616,
        "chrmt": 0.4260483335082013,
        "chrV": 0.8943738147325065,
        "chrVI": 0.9004519527244865,
        "chrVII": 0.8849111775166371,
        "chrVIII": 0.9018062963548822,
        "chrX": 0.8750011733138809,
        "chrXI": 0.8669288079470199,
        "chrXII": 0.8577376441901469,
        "chrXIII": 0.9263471259618079,
        "chrXIV": 0.8612630094615424,
        "chrXV": 0.9212602321470625,
        "chrXVI": 0.9092130716637872
    },
    "PRINTS": {
        "total": 0.9488491709169247,
        "chrI": 0.5997532773284452,
        "chrII": 0.9696477058082795,
        "chrIII": 0.8291263975743793,
        "chrIV": 0.9699183972144996,
        "chrIX": 0.9657480995162405,
        "chrmt": 0.851642010282237,
        "chrV": 0.9310785370808877,
        "chrVI": 0.9264512642461347,
        "chrVII": 0.9669367701248465,
        "chrVIII": 0.8895587432883729,
        "chrX": 0.9706376525140429,
        "chrXI": 0.9122516556291391,
        "chrXII": 0.9483173913003152,
        "chrXIII": 0.9842454439541729,
        "chrXIV": 0.979410530986201,
        "chrXV": 0.9791164776397863,
        "chrXVI": 0.9688112430991092
    },
    "PROSITE": {
        "total": 0.8894244147763798,
        "chrI": 0.9066146000747118,
        "chrII": 0.8814634818196128,
        "chrIII": 0.8806013517781568,
        "chrIV": 0.8898613712218485,
        "chrIX": 0.8866484195977158,
        "chrmt": 0.8827451940451626,
        "chrV": 0.9039322278348478,
        "chrVI": 0.8511258101650497,
        "chrVII": 0.9014198764368343,
        "chrVIII": 0.8610486578523149,
        "chrX": 0.8899592491327534,
        "chrXI": 0.8738827502639409,
        "chrXII": 0.8975474342338967,
        "chrXIII": 0.8990741331694848,
        "chrXIV": 0.8923212462053745,
        "chrXV": 0.8914588317873051,
        "chrXVI": 0.8884592422890389
    },
    "SMART": {
        "total": 0.8981595536108309,
        "chrI": 0.9161403539254098,
        "chrII": 0.8965806016842437,
        "chrIII": 0.8990588086665403,
        "chrIV": 0.909683386936635,
        "chrIX": 0.8701692248936093,
        "chrmt": 0.8809731985684142,
        "chrV": 0.8990750146479127,
        "chrVI": 0.7906544615988244,
        "chrVII": 0.9065704805030524,
        "chrVIII": 0.902056899312708,
        "chrX": 0.9064634174141235,
        "chrXI": 0.8895962304443804,
        "chrXII": 0.8993198704850873,
        "chrXIII": 0.9089850946149577,
        "chrXIV": 0.8770318219429758,
        "chrXV": 0.9063503685084913,
        "chrXVI": 0.9045214151757367
    },
    "SUPERFAMILY": {
        "total": 0.731208704703957,
        "chrI": 0.7719943705531279,
        "chrII": 0.7019788879269636,
        "chrIII": 0.753695281409892,
        "chrIV": 0.7385975757425423,
        "chrIX": 0.7279830320445204,
        "chrmt": 0.8459879457676122,
        "chrV": 0.7272836009249853,
        "chrVI": 0.7011596788581623,
        "chrVII": 0.7364575503694062,
        "chrVIII": 0.7026693658323306,
        "chrX": 0.7205555205423795,
        "chrXI": 0.729897003071312,
        "chrXII": 0.7526278152845034,
        "chrXIII": 0.726820065532203,
        "chrXIV": 0.7298048150466703,
        "chrXV": 0.7403442344892426,
        "chrXVI": 0.7197557975921508
    },
    "TIGRFAM": {
        "total": 0.8997881485764909,
        "chrI": 0.686588364072314,
        "chrII": 0.9057113765150323,
        "chrIII": 0.7369559724590993,
        "chrIV": 0.9102232277782384,
        "chrIX": 0.883352125995708,
        "chrmt": 0.8526212709404399,
        "chrV": 0.8561765654198317,
        "chrVI": 0.9316999863044629,
        "chrVII": 0.91245531376611,
        "chrVIII": 0.9118730704905242,
        "chrX": 0.916702760036527,
        "chrXI": 0.8986691980996256,
        "chrXII": 0.9007259475948755,
        "chrXIII": 0.9363229921973625,
        "chrXIV": 0.9116943951102402,
        "chrXV": 0.9205784708203403,
        "chrXVI": 0.9085960260150665
    }
}