{
    "GENE3D": {
        "total": [
            0.8117319639756135,
            0.8437630695621726
        ],
        "chrI": [
            0.8183831672203765,
            0.8065248436499729
        ],
        "chrII": [
            0.7852709906360894,
            0.851570673365629
        ],
        "chrIII": [
            0.7991239686258531,
            0.8422974649884772
        ],
        "chrIV": [
            0.8197131545529245,
            0.8613493149228446
        ],
        "chrIX": [
            0.8056281716131016,
            0.8562713946479839
        ],
        "chrmt": [
            0.6270967741935484,
            0.6363967906637491
        ],
        "chrV": [
            0.8149890774659722,
            0.8242030000638668
        ],
        "chrVI": [
            0.7894680317892174,
            0.8222286668641196
        ],
        "chrVII": [
            0.8202687298391986,
            0.8459552354736845
        ],
        "chrVIII": [
            0.8031891032176501,
            0.8522979158868117
        ],
        "chrX": [
            0.8082121443005267,
            0.8227018777640112
        ],
        "chrXI": [
            0.7899682215857821,
            0.8308347363329692
        ],
        "chrXII": [
            0.8455318029486784,
            0.9025658059820106
        ],
        "chrXIII": [
            0.8193492188378105,
            0.8577067560214436
        ],
        "chrXIV": [
            0.8017277321014625,
            0.8295215649097859
        ],
        "chrXV": [
            0.8123617389631624,
            0.8029680167183693
        ],
        "chrXVI": [
            0.8113205039604486,
            0.8460559820488439
        ]
    },
    "HAMAP": {
        "total": [
            0.9822675635462386,
            0.9787297790828217
        ],
        "chrI": [
            0.9902035948547576,
            0.9936745949672526
        ],
        "chrII": [
            0.9783488877425003,
            0.987899447550401
        ],
        "chrIII": [
            0.9869953482054938,
            0.9918513265969391
        ],
        "chrIV": [
            0.9868715918428326,
            0.9898468234109967
        ],
        "chrIX": [
            0.9903634220103542,
            0.9922199870022909
        ],
        "chrmt": [
            0.9948387096774194,
            0.9296134208606857
        ],
        "chrV": [
            0.9862954872197016,
            0.9921852178747436
        ],
        "chrVI": [
            0.9906565475764302,
            0.9943150031263369
        ],
        "chrVII": [
            0.9752128253013509,
            0.9810953800105346
        ],
        "chrVIII": [
            0.9806288487418947,
            0.9846281800516397
        ],
        "chrX": [
            0.9832046907609235,
            0.9891163410875512
        ],
        "chrXI": [
            0.9829534308917572,
            0.9848166781504403
        ],
        "chrXII": [
            0.98624026352812,
            0.9917849395581465
        ],
        "chrXIII": [
            0.9794312689670676,
            0.9858394867585271
        ],
        "chrXIV": [
            0.9785200873872221,
            0.9813712710722546
        ],
        "chrXV": [
            0.9705203424064635,
            0.8992697765340236
        ],
        "chrXVI": [
            0.9860321088724683,
            0.9896340391424429
        ]
    },
    "PANTHER": {
        "total": [
            0.6626402410467463,
            0.7366890940998163
        ],
        "chrI": [
            0.6920947269784479,
            0.7096198355246959
        ],
        "chrII": [
            0.6460160390188998,
            0.7671988308437453
        ],
        "chrIII": [
            0.64425656174663,
            0.7180799306663516
        ],
        "chrIV": [
            0.677999178307313,
            0.7542703024546531
        ],
        "chrIX": [
            0.6416013122148752,
            0.7234310849985033
        ],
        "chrmt": [
            0.5367741935483871,
            0.5795040116703136
        ],
        "chrV": [
            0.6831718291977072,
            0.750901725764386
        ],
        "chrVI": [
            0.6320254886518222,
            0.697080577220522
        ],
        "chrVII": [
            0.684193931750382,
            0.739184521125777
        ],
        "chrVIII": [
            0.6599037559642755,
            0.7447079520294967
        ],
        "chrX": [
            0.6596548182992679,
            0.7169592920951888
        ],
        "chrXI": [
            0.6376083800855271,
            0.721237476604646
        ],
        "chrXII": [
            0.686122453648103,
            0.7974413352699885
        ],
        "chrXIII": [
            0.6544621782623357,
            0.729320658118875
        ],
        "chrXIV": [
            0.6480329536547538,
            0.7187937519475789
        ],
        "chrXV": [
            0.6506684620563624,
            0.699579148317678
        ],
        "chrXVI": [
            0.6647174525543565,
            0.7295350960602355
        ]
    },
    "Pfam": {
        "total": [
            0.8089064203149026,
            0.8513586285281693
        ],
        "chrI": [
            0.7849902035948547,
            0.7766262865021913
        ],
        "chrII": [
            0.788522565617721,
            0.8568284757205874
        ],
        "chrIII": [
            0.7949814946860888,
            0.8397604837597746
        ],
        "chrIV": [
            0.8206095465750355,
            0.8613245061277723
        ],
        "chrIX": [
            0.7867394535855247,
            0.840269322459514
        ],
        "chrmt": [
            0.5948387096774194,
            0.611232676878191
        ],
        "chrV": [
            0.8151011034560018,
            0.8363073269864404
        ],
        "chrVI": [
            0.8111262261043889,
            0.8473339750551222
        ],
        "chrVII": [
            0.8203899978171764,
            0.8449164253552429
        ],
        "chrVIII": [
            0.8053301251988092,
            0.8456787836434229
        ],
        "chrX": [
            0.8026965249942029,
            0.8551372479663932
        ],
        "chrXI": [
            0.7853191572835341,
            0.8276271142410752
        ],
        "chrXII": [
            0.8366331537590502,
            0.8989067332834101
        ],
        "chrXIII": [
            0.8111442059121052,
            0.8590483865840683
        ],
        "chrXIV": [
            0.7881193402598269,
            0.818740207244335
        ],
        "chrXV": [
            0.814814369529672,
            0.8626423025841643
        ],
        "chrXVI": [
            0.8173674977406836,
            0.8491959220478231
        ]
    },
    "PIRSF": {
        "total": [
            0.9515295443901509,
            0.9550237527608846
        ],
        "chrI": [
            0.9602180764971463,
            0.9609100310237849
        ],
        "chrII": [
            0.9447388578842877,
            0.9666579260363688
        ],
        "chrIII": [
            0.9585413058979322,
            0.9656542378222931
        ],
        "chrIV": [
            0.9522111003212071,
            0.9611550974985646
        ],
        "chrIX": [
            0.9601978573991491,
            0.9733190224109665
        ],
        "chrmt": [
            0.983225806451613,
            0.9948942377826404
        ],
        "chrV": [
            0.9678485408614799,
            0.9773314780554762
        ],
        "chrVI": [
            0.9472327629412186,
            0.9618833711784645
        ],
        "chrVII": [
            0.9448958308069171,
            0.9580665545383933
        ],
        "chrVIII": [
            0.9476978916031157,
            0.9632900702795725
        ],
        "chrX": [
            0.961307847749031,
            0.9749489052255275
        ],