{
    "GENE3D": {
        "total": [
            0.8113386537860068,
            0.2970736501473159
        ],
        "chrI": [
            0.8183405741545277,
            0.806519919239671
        ],
        "chrII": [
            0.7852553580640623,
            0.8515661986402204
        ],
        "chrIII": [
            0.7990900139214289,
            0.8422935255766314
        ],
        "chrIV": [
            0.8197038171360275,
            0.8613386825820994
        ],
        "chrIX": [
            0.8056025424163207,
            0.856235720744685
        ],
        "chrmt": [
            0.6270967741935484,
            0.6363967906637491
        ],
        "chrV": [
            0.8149704064676339,
            0.8242019530673333
        ],
        "chrVI": [
            0.7894322331209279,
            0.822226610063514
        ],
        "chrVII": [
            0.8202566030414009,
            0.8459405800612252
        ],
        "chrVIII": [
            0.8031687125321153,
            0.8522953607305702
        ],
        "chrX": [
            0.8081955808791864,
            0.8226959162929983
        ],
        "chrXI": [
            0.7899486052807093,
            0.8307951513322208
        ],
        "chrXII": [
            0.8455203650962495,
            0.902559254374672
        ],
        "chrXIII": [
            0.8193351691581432,
            0.8577048861530637
        ],
        "chrXIV": [
            0.8017110551506762,
            0.8295160787721585
        ],
        "chrXV": [
            0.8079967477341751,
            0.04414674371321208
        ],
        "chrXVI": [
            0.8113072138642283,
            0.846054091657514
        ]
    },
    "HAMAP": {
        "total": [
            0.9817840431988168,
            0.3445613209828329
        ],
        "chrI": [
            0.9901610017889088,
            0.9936696705569508
        ],
        "chrII": [
            0.9783332551704732,
            0.9878949728249926
        ],
        "chrIII": [
            0.9869613935010696,
            0.9918473871850932
        ],
        "chrIV": [
            0.9868622544259356,
            0.9898361910702514
        ],
        "chrIX": [
            0.9903377928135733,
            0.992184313098992
        ],
        "chrmt": [
            0.9935483870967742,
            0.9281546316557258
        ],
        "chrV": [
            0.9862768162213633,
            0.9921841708782102
        ],
        "chrVI": [
            0.9906207489081407,
            0.9943129463257314
        ],
        "chrVII": [
            0.9752006985035532,
            0.9810807245980753
        ],
        "chrVIII": [
            0.9806084580563599,
            0.9846256248953983
        ],
        "chrX": [
            0.9831881273395833,
            0.9891103796165384
        ],
        "chrXI": [
            0.9829338145866845,
            0.9847770931496919
        ],
        "chrXII": [
            0.9862288256756911,
            0.9917783879508079
        ],
        "chrXIII": [
            0.9794172192874002,
            0.9858376168901472
        ],
        "chrXIV": [
            0.9785034104364358,
            0.9813657849346272
        ],
        "chrXV": [
            0.9651935815577397,
            0.04939625817267948
        ],
        "chrXVI": [
            0.986018818776248,
            0.9896321487511129
        ]
    },
    "PANTHER": {
        "total": [
            0.6623093636791075,
            0.2593503203813781
        ],
        "chrI": [
            0.692052133912599,
            0.709614911114394
        ],
        "chrII": [
            0.6460004064468727,
            0.7671943561183368
        ],
        "chrIII": [
            0.6442226070422057,
            0.7180759912545057
        ],
        "chrIV": [
            0.677989840890416,
            0.7542596701139078
        ],
        "chrIX": [
            0.6415756830180942,
            0.7233954110952043
        ],
        "chrmt": [
            0.5367741935483871,
            0.5795040116703136
        ],
        "chrV": [
            0.683153158199369,
            0.7509006787678526
        ],
        "chrVI": [
            0.6319896899835327,
            0.6970785204199164
        ],
        "chrVII": [
            0.6841818049525842,
            0.7391698657133177
        ],
        "chrVIII": [
            0.6598833652787407,
            0.7447053968732553
        ],
        "chrX": [
            0.6596382548779276,
            0.716953330624176
        ],
        "chrXI": [
            0.6375887637804543,
            0.7211978916038977
        ],
        "chrXII": [
            0.6861110157956742,
            0.7974347836626499
        ],
        "chrXIII": [
            0.6544481285826683,
            0.729318788250495
        ],
        "chrXIV": [
            0.6480162767039674,
            0.7187882658099514
        ],
        "chrXV": [
            0.6470932874189923,
            0.038427303803973197
        ],
        "chrXVI": [
            0.6647041624581362,
            0.7295332056689056
        ]
    },
    "Pfam": {
        "total": [
            0.8085061651936345,
            0.2997200465577682
        ],
        "chrI": [
            0.7849476105290059,
            0.7766213620918895
        ],
        "chrII": [
            0.788506933045694,
            0.856824000995179
        ],
        "chrIII": [
            0.7949475399816645,
            0.8397565443479289
        ],
        "chrIV": [
            0.8206002091581385,
            0.8613138737870272
        ],
        "chrIX": [
            0.7867138243887437,
            0.8402336485562151
        ],
        "chrmt": [
            0.5948387096774194,
            0.611232676878191
        ],
        "chrV": [
            0.8150824324576635,
            0.8363062799899069
        ],
        "chrVI": [
            0.8110904274360994,
            0.8473319182545167
        ],
        "chrVII": [
            0.8203778710193786,
            0.8449017699427835
        ],
        "chrVIII": [
            0.8053097345132744,
            0.8456762284871814
        ],
        "chrX": [
            0.8026799615728625,
            0.8551312864953804
        ],
        "chrXI": [
            0.7852995409784613,
            0.8275875292403267
        ],
        "chrXII": [
            0.8366217159066214,
            0.8989001816760716
        ],
        "chrXIII": [
            0.8111301562324379,
            0.8590465167156884
        ],
        "chrXIV": [
            0.7881026633090406,
            0.8187347211067075
        ],
        "chrXV": [
            0.8103402922256498,
            0.047384320537019825
        ],
        "chrXVI": [
            0.8173542076444633,
            0.8491940316564932
        ]
    },
    "PIRSF": {
        "total": [
            0.9510606038637837,
            0.33621554896834155
        ],
        "chrI": [
            0.9601754834312974,
            0.960905106613483
        ],
        "chrII": [
            0.9447232253122606,
            0.9666534513109603
        ],
        "chrIII": [
            0.9585073511935078,
            0.9656502984104474
        ],
        "chrIV": [
            0.9522017629043101,
            0.9611444651578194
        ],
        "chrIX": [
            0.9601722282023681,
            0.9732833485076675
        ],
        "chrmt": [
            0.9819354838709677,
            0.9934354485776805
        ],
        "chrV": [
            0.9678298698631416,
            0.9773304310589428
        ],
        "chrVI": [
            0.9471969642729291,
            0.961881314377859
        ],
        "chrVII": [
            0.9448837040091194,
            0.9580518991259339
        ],
        "chrVIII": [
            0.9476775009175809,
            0.963287515123331
        ],
        "chrX": [
            0.9612912843276907,
            0.9749429437545146
        ],